Count,Time
1,0.33571743965148926
2,0.6697416305541992
3,0.9414141178131104
4,1.5378432273864746
5,1.884831428527832
6,2.1537578105926514
7,2.4258785247802734
